title,tour_brand,region,start_date,end_date,duration_days,organiser,organiser_phone,organiser_email,organiser_website,venue,street,city,state,postcode,country,event_website,url
Australian Poker Tour – Melbourne Champs II (VIC),Australian Poker Tour (APT),VIC,2026-09-30,2026-10-11,12,Australian Poker Tour,1300 566 979,info@australianpokertour.com.au,https://australianpokertour.com.au/,"Crown Melbourne, Metropol – Sky Bar 28",8 Whiteman St,"Southbank, Melbourne",VIC,3006,Australia,https://australianpokertour.com.au/,https://australianpokerschedule.com.au/event/australian-poker-tour-melbourne-champs-ii-vic/
"Sydney Showdown – Aurum Poker Grand, St. Johns Park (NSW)",Aurum Poker,NSW,2026-10-01,2026-10-19,19,Aurum Poker Grand,(02) 9610 3666,info@aurumpoker.com.au,https://aurumpoker.com.au/,"Aurum Poker Grand, St. Johns Park Bowling Club",93 Edensor Rd,St Johns park,NSW,2176,Australia,https://aurumpoker.com.au/,https://australianpokerschedule.com.au/event/sydney-showdown-aurum-poker-grand-st-johns-park-nsw/
APLPT – Brisbane – Broncos Club (QLD),APL Poker Tour (APLPT),QLD,2026-10-06,2026-10-11,6,Australian Poker League,1800 344 669,info@playapl.com,https://playapl.com/,Broncos Club,98 Fulcher Rd,Red Hill,QLD,4059,Australia,https://www.playapl.com/aplpt/,https://australianpokerschedule.com.au/event/aplpt-brisbane-broncos-club-qld-2/
"Crown Poker – Victorian Poker Champs, Melbourne (VIC)",Crown Poker,VIC,2026-10-12,2026-10-27,16,Crown Poker,(03) 9292 8888,,https://www.crownmelbourne.com.au/casino/table-games/poker,Crown Melbourne,8 Whiteman St,"Southbank, Melbourne",VIC,3006,Australia,https://www.crownmelbourne.com.au/casino/table-games/poker,https://australianpokerschedule.com.au/event/crown-poker-victorian-poker-champs-melbourne-vic/
APL – The Ville 600 – Townsville (QLD),Australian Poker League (APL),QLD,2026-10-18,2026-10-25,8,,,,,The Ville Resort Casino,Sir Leslie Thiess Dr,Townsville,QLD,4810,Australia,https://playapl.com/,https://australianpokerschedule.com.au/event/apl-the-ville-600-townsville-qld-3/
Kings Poker – Sydney Millions – Kogarah/Sydney (NSW),Kings Poker,NSW,2026-10-27,2026-11-09,14,Kings Poker Sydney,,,https://kingspoker.com.au/,St. George Leagues Club,124 Princes Hwy,Kogarah,NSW,2217,Australia,https://kingspoker.com.au/,https://australianpokerschedule.com.au/event/kings-poker-sydney-millions-kogarah-sydney-nsw/
Australian Poker Tour – Sydney Champs (NSW),Australian Poker Tour (APT),NSW,2026-11-05,2026-11-15,11,Australian Poker Tour,1300 566 979,info@australianpokertour.com.au,https://australianpokertour.com.au/,Revesby Workers’ Club,2B Brett St,Revesby,NSW,2212,Australia,https://australianpokertour.com.au/,https://australianpokerschedule.com.au/event/australian-poker-tour-sydney-champs-nsw/
APLPT – Albury – SS&A Club (NSW),APL Poker Tour (APLPT),NSW,2026-11-17,2026-11-22,6,Australian Poker League,1800 344 669,info@playapl.com,https://playapl.com/,SS&A Albury,570/582 Olive St,Albury,NSW,2640,Australia,https://playapl.com/aplpt,https://australianpokerschedule.com.au/event/aplpt-albury-ssa-club-nsw-1/
Australian Poker Tour – Gold Coast Champs (QLD),Australian Poker Tour (APT),QLD,2026-11-27,2026-12-06,10,Australian Poker Tour,1300 566 979,info@australianpokertour.com.au,https://australianpokertour.com.au/,"Crowne Plaza Hotel, Surfers Paradise",2807 Gold Coast Hwy,Surfers Paradise,Queensland,4217,Australia,https://australianpokertour.com.au/live-feed/,https://australianpokerschedule.com.au/event/australian-poker-tour-gold-coast-champs-qld/
Kings Poker – Kings Cup – Churchill’s Sports Bar Kingsford/Sydney (NSW),Kings Poker,NSW,2026-12-01,2026-12-13,13,Kings Poker Sydney,,,https://kingspoker.com.au/,Churchills Sports Bar,536 Anzac Parade,Kingsford,NSW,2032,Australia,https://kingspoker.com.au/,https://australianpokerschedule.com.au/event/kings-poker-kings-cup-churchills-sports-bar-kingsford-sydney-nsw-4/
Australian Poker Tour – Melbourne Champs III (VIC),Australian Poker Tour (APT),VIC,2027-01-08,2027-01-26,19,Australian Poker Tour,1300 566 979,info@australianpokertour.com.au,https://australianpokertour.com.au/,Crown Melbourne,8 Whiteman St,"Southbank, Melbourne",VIC,3006,Australia,https://australianpokertour.com.au/,https://australianpokerschedule.com.au/event/australian-poker-tour-melbourne-champs-iii-vic/
Kings Poker – Kings Cup – Churchill’s Sports Bar Kingsford/Sydney (NSW),Kings Poker,NSW,2027-01-10,2027-01-24,15,Kings Poker Sydney,,,https://kingspoker.com.au/,Churchills Sports Bar,536 Anzac Parade,Kingsford,NSW,2032,Australia,https://kingspoker.com.au/,https://australianpokerschedule.com.au/event/kings-poker-kings-cup-churchills-sports-bar-kingsford-sydney-nsw-5/
Kings Poker – Chinese NY Lunar Series – Kogarah/Sydney (NSW),Kings Poker,NSW,2027-02-02,2027-02-15,14,Kings Poker Sydney,,,https://kingspoker.com.au/,St. George Leagues Club,124 Princes Hwy,Kogarah,NSW,2217,Australia,https://kingspoker.com.au/,https://australianpokerschedule.com.au/event/kings-poker-chinese-ny-lunar-series-kogarah-sydney-nsw-2/
Australian Poker Tour – Adelaide Champs II – Mawson Lakes (SA),Australian Poker Tour (APT),SA,2027-02-12,2027-02-22,11,Australian Poker Tour,1300 566 979,info@australianpokertour.com.au,https://australianpokertour.com.au/,"Crowne Plaza Hotel, Mawson Lakes, Adelaide",1-3 Metro Parade,Mawson Lakes,SA,5095,Australia,https://australianpokertour.com.au/live-feed/,https://australianpokerschedule.com.au/event/australian-poker-tour-adelaide-champs-ii-mawson-lakes-sa/
APL Million Sydney – The Star (NSW),Australian Poker League (APL),NSW,2027-02-24,2027-03-15,20,Australian Poker League,1800 344 669,info@playapl.com,https://playapl.com/,"The Star, Sydney",20-80 Pyrmont St,Pyrmont,NSW,2009,Australia,https://playapl.com/,https://australianpokerschedule.com.au/event/apl-million-sydney-the-star-nsw/
"Nouméa Poker Series – Casinos de Nouméa, New Caledonia (STH PACIFIC)",Nouméa Poker Series,STH PACIFIC,2027-03-06,2027-03-14,9,the Grand Casino de Nouméa,+687242020,,https://casinodenoumea.nc/,the Grand Casino de Nouméa,5 Prom. Pierre Vernier,Nouméa,,98800,New Caledonia,https://casinodenoumea.nc/en/,https://australianpokerschedule.com.au/event/noumea-poker-series-casinos-de-noumea-new-caledonia-sth-pacific/
Australian Poker Tour – Sydney Champs II (NSW),Australian Poker Tour (APT),NSW,2027-03-19,2027-03-29,11,Australian Poker Tour,1300 566 979,info@australianpokertour.com.au,https://australianpokertour.com.au/,Revesby Workers’ Club,2B Brett St,Revesby,NSW,2212,Australia,https://australianpokertour.com.au/,https://australianpokerschedule.com.au/event/australian-poker-tour-sydney-champs-ii-nsw/
Australian Poker Tour – Melbourne Champs IV (VIC),Australian Poker Tour (APT),VIC,2027-04-08,2027-04-18,11,Australian Poker Tour,1300 566 979,info@australianpokertour.com.au,https://australianpokertour.com.au/,Crown Melbourne,8 Whiteman St,"Southbank, Melbourne",VIC,3006,Australia,https://australianpokertour.com.au/,https://australianpokerschedule.com.au/event/australian-poker-tour-melbourne-champs-iv-vic/
2027 Aussie Millions – Crown Melbourne,Crown Poker,VIC,2027-04-08,2027-04-24,17,Crown Poker,(03) 9292 8888,,https://www.crownmelbourne.com.au/casino/table-games/poker,Crown Melbourne,8 Whiteman St,"Southbank, Melbourne",VIC,3006,Australia,https://www.crownmelbourne.com.au/casino/table-games/poker,https://australianpokerschedule.com.au/event/2027-aussie-millions-crown-melbourne/
